{
  "USDT": 2812.479823,
  "ETH": 100.0,
  "BTC": 989.0400000000006,
  "JUP": 3210.04,
  "ATOM": 5.0
}